Consultas principales,Clics,Impresiones,CTR,Posición
cuanto cuesta hacer una escritura en ecuador,12,74,16.22%,3.77
precio de escrituras de un terreno en ecuador,11,386,2.85%,3.79
calculadora notarial,10,2603,0.38%,9.13
calculadora consejo provincial,10,63,15.87%,3.9
calculadora notarial ecuador,10,14,71.43%,1.14
abogados online,4,19,21.05%,3.26
cuanto cuesta una promesa de compraventa en notaría ecuador,3,183,1.64%,9.3
cuanto cuesta sacar una escritura de terreno en ecuador,3,68,4.41%,3.4
cuanto cuesta una escritura en ecuador,2,72,2.78%,3.25
cuanto cuesta una escritura de un terreno en ecuador,2,45,4.44%,3.76
calculadora notaria,2,5,40%,6.2
valor notarial de compraventa,2,5,40%,9.4
simulador impuestos compra vivienda,2,3,66.67%,1.67
simulador gastos notariales 2025,2,2,100%,1.5
calculadora transferencia de dominio consejo provincial,1,60,1.67%,8.17
abogados en linea,1,28,3.57%,5.11
valor de una promesa de compraventa en notaria,1,21,4.76%,11.19
cuanto cuesta sacar las escrituras de un terreno,1,19,5.26%,5.74
cuanto cuesta hacer una escritura de un terreno en ecuador,1,18,5.56%,4.17
tasas notariales,1,15,6.67%,10.87
calcular gastos notariales,1,14,7.14%,16.71
gastos notariales compraventa,1,9,11.11%,5.56
valor de escritura en notaria,1,9,11.11%,6.22
abogados on line,1,8,12.5%,6.88
cuanto cuesta sacar una escritura de terreno,1,7,14.29%,6.29
cuánto cuesta hacer una escritura,1,4,25%,4
cuanto vale las escrituras de una casa,1,3,33.33%,4.33
cuanto vale hacer escrituras de una casa,1,3,33.33%,5.67
cuanto cobra notaria por compraventa,1,3,33.33%,7.67
costos de escrituración 2025,1,3,33.33%,8.67
aranceles notariales calculadora,1,2,50%,1.5
costos de escrituración 2025 simulador,1,2,50%,4
calculadora de gastos de escrituracion,1,1,100%,1
calculo de gastos notariales,1,1,100%,1
costo de cambio de escrituras de una casa,1,1,100%,1
gastos e impuestos compra vivienda,1,1,100%,1
costo escritura,1,1,100%,4
derechos notariales 2025,1,1,100%,11
calculadora registro de la propiedad,0,116,0%,8.47
calculadora de precios registro de la propiedad,0,101,0%,9.09
costo promesa de compraventa ecuador,0,68,0%,9.32
servicios notariales,0,68,0%,9.44
cuanto cuesta inscribir una escritura en el registro de la propiedad ecuador,0,44,0%,4.95
cuanto cuesta una promesa de compra venta en ecuador,0,38,0%,8.03
gastos notariales,0,32,0%,7.41
cuanto cuesta un poder notarial en ecuador,0,32,0%,11.41
calculadora del registro de la propiedad,0,31,0%,8.55
cuanto cuesta una minuta de compraventa,0,30,0%,5.67
cuanto cuesta una escritura de una casa en ecuador,0,27,0%,4.11
cuanto cuesta hacer un poder notarial en ecuador,0,26,0%,11.19
cuanto cuesta una carta de compraventa notariada,0,21,0%,10.33
cuanto vale una escritura de un terreno,0,19,0%,7
abogado de ecuador,0,17,0%,14.88
cuanto se paga en la notaria por una escritura,0,16,0%,6.88
gastos legales,0,16,0%,8.56
tasa notarial,0,16,0%,9.5
cuanto cuesta hacer un testamento en ecuador,0,16,0%,10.88
cuanto cuesta una escritura de un terreno,0,15,0%,5.6
calculadora notarial compraventa,0,15,0%,9.47
precio notaria compraventa,0,15,0%,9.67
cuanto cuesta las escrituras de un terreno,0,14,0%,5.5
cuanto cobra la notaria por una compraventa,0,14,0%,8.43
registro de la propiedad calculadora,0,14,0%,8.79
cuanto cuesta una minuta,0,14,0%,9.86
notarías guayaquil precios,0,14,0%,11.57
cuánto cuesta un contrato de compraventa notariado,0,13,0%,8.15
precio de una escritura de un terreno,0,12,0%,5.25
cuanto cuesta un contrato de arrendamiento notariado en ecuador,0,12,0%,9.33
cuanto cuesta la notaria en una compraventa,0,12,0%,10.67
cuanto cuesta una declaración juramentada en ecuador,0,12,0%,10.83
cuanto cuesta notariar un documento en ecuador,0,12,0%,13.75
calculadora notarial 2025,0,11,0%,8.55
cuanto cuesta hacer las escrituras de un terreno,0,10,0%,5.3
cuanto cuesta hacer un contrato de compraventa ante notario,0,10,0%,8.2
cuánto cuesta una declaración juramentada,0,10,0%,12.1
tarifas notariales ecuador,0,10,0%,13
cuánto cuesta una escritura,0,9,0%,4.33
abogados en línea,0,9,0%,5.78
cuanto cuesta una minuta de terreno,0,9,0%,6.56
cuanto cuesta una escritura,0,9,0%,7.56
calculadora notarial don notario,0,9,0%,8.22
cuanto cuesta hacer una promesa de compraventa,0,9,0%,8.89
cuanto cuesta un contrato de compraventa ante notario,0,9,0%,9.11
cuanto cuesta la minuta de un abogado,0,9,0%,9.22
cuanto cuesta la escritura de una casa,0,8,0%,4.38
cuanto vale un contrato de compraventa,0,8,0%,7.12
cuanto cuesta notaria compraventa,0,8,0%,9.25
costo escrituras 2025,0,8,0%,9.38
reconocimiento de firma ante notario precio,0,8,0%,10
calculadora de escritura,0,8,0%,12
costo de escritura,0,7,0%,4.86
cuanto cuesta sacar escrituras de un terreno,0,7,0%,5
costo de escritura pública en notaría,0,7,0%,9.29
cuanto cuesta un poder en la notaria,0,7,0%,9.43
cuanto cuesta una compraventa en notaria,0,7,0%,10.43
precio de una promesa de compraventa,0,7,0%,10.71
cuanto cuesta un poder notariado,0,7,0%,10.86
precio de un poder notarial,0,7,0%,12
como se calcula el valor de una escritura,0,7,0%,26.86
cuanto cuesta hacer unas escrituras de una casa,0,6,0%,3.67
cuanto cuesta hacer una escritura,0,6,0%,5.33
cuanto vale hacer una escritura de una casa,0,6,0%,5.5
cuánto cuesta una escritura de una casa,0,6,0%,5.83
cuanto cuesta la escritura de un terreno,0,6,0%,7.17
registro calculadora,0,6,0%,7.17
abogado notario,0,6,0%,7.67
calculadora registro propiedad,0,6,0%,9
gastos notariales 2025,0,6,0%,9.83
cuanto cuesta una copia certificada ante notario,0,6,0%,10.33
cuanto vale un poder notarial,0,6,0%,11
promesa de compraventa precio,0,6,0%,11
cuánto cuesta un poder notarial,0,6,0%,11.5
tabla para calcular plusvalía ecuador,0,6,0%,16
tasas notariales 2025,0,6,0%,17.17
cuanto vale sacar escrituras de una casa,0,5,0%,4.4
escrituras de una casa ecuador,0,5,0%,4.8
cuánto cuesta hacer unas escrituras,0,5,0%,5.2
cuanto cuesta sacar las escrituras de una casa,0,5,0%,5.8
cuanto vale hacer una escritura de un terreno,0,5,0%,6
cuanto valen unas escrituras de una casa,0,5,0%,6.4
tramites notariales ecuador,0,5,0%,7.6
costo de una minuta en ecuador,0,5,0%,7.8
cuanto vale una promesa de compraventa,0,5,0%,8.2
calculadora registro de la propiedad cuenca,0,5,0%,9.4
cuánto cuesta hacer un poder notarial,0,5,0%,9.6
costo notarial de transferencia vehicular,0,5,0%,10
cuanto vale notarizar un documento en ecuador,0,5,0%,10.2
cuanto cuesta un reconocimiento de firma en ecuador,0,5,0%,10.8
tabla notarial 2025 ecuador compraventa,0,5,0%,11
costos notariales,0,5,0%,11.2
cuanto vale notariar un documento,0,5,0%,11.2
valor promesa de compraventa notarial 2025,0,5,0%,11.8
cuánto cuesta una minuta,0,5,0%,13.2
costo poder notarial ecuador,0,5,0%,14.8
costo de poder notarial ecuador,0,5,0%,15
abogado en linea,0,4,0%,3.25
costo de escrituras,0,4,0%,3.5
simulador gastos notariales 2026,0,4,0%,3.75
valor de escrituras,0,4,0%,4.25
cuanto cobra una notaria por escriturar,0,4,0%,4.75
cuanto cuestan las escrituras de una casa,0,4,0%,5.5
precio de las escrituras de una casa,0,4,0%,6
cuánto cuesta registrar una escritura,0,4,0%,7
cuanto cuestan las escrituras de un terreno,0,4,0%,7.25
cuanto cobra un notario por escriturar,0,4,0%,8
cuanto cuesta hacer un poder,0,4,0%,8.75
cuanto cuesta un poder,0,4,0%,9
legal online,0,4,0%,9.5
cuanto vale una promesa de compraventa en notaría,0,4,0%,10
cuanto cuesta una protocolizacion,0,4,0%,10.75
precio de una declaración juramentada en ecuador 2025,0,4,0%,10.75
abogados de ecuador,0,4,0%,11
cuánto cuesta un poder,0,4,0%,11
cuanto cuesta notarizar un documento en guayaquil,0,4,0%,11.25
tasas notariales 2025 guayaquil,0,4,0%,11.5
cuanto cuesta un testamento en ecuador,0,4,0%,11.75
precio de un poder notarial en ecuador,0,4,0%,13
notaria precios,0,4,0%,14.25
cuanto cuesta las escrituras de una casa,0,3,0%,2.67
como sacar una escritura de un terreno,0,3,0%,3
cuanto cuesta sacar la escritura de una casa,0,3,0%,3.67
porcentaje escrituracion,0,3,0%,3.67
simulador de escrituras,0,3,0%,3.67
valor de la escritura de un inmueble,0,3,0%,3.67
abogado online,0,3,0%,4
cuanto vale la registrada de una escritura,0,3,0%,4
cuanto valen las escrituras de una casa,0,3,0%,4
valor de la escritura,0,3,0%,4
cuanto cobra un notario por escriturar una casa,0,3,0%,4.33
cuanto cuesta hacer una escritura en el notario,0,3,0%,4.67
cuánto cuesta las escrituras de una casa,0,3,0%,4.67
precio de una escritura de una casa,0,3,0%,4.67
cuánto cuesta sacar una escritura de una casa,0,3,0%,5
gastos notariales por venta de inmueble,0,3,0%,5
gastos de escrituras,0,3,0%,5.33
cuanto cuesta hacer unas escrituras de un terreno,0,3,0%,5.67
cuanto vale una escritura de una casa,0,3,0%,5.67
cuanto cuesta hacer una escritura de un terreno,0,3,0%,6
costo de escritura de una casa,0,3,0%,6.33
impuesto notarial,0,3,0%,6.33
precio de escritura de una casa,0,3,0%,6.33
precio de la escritura de una casa,0,3,0%,6.33
calculadora de escrituras,0,3,0%,6.67
cuanto cuesta sacar una copia de las escrituras de una casa,0,3,0%,6.67
cuanto cuesta sacar una escritura,0,3,0%,6.67
cuanto cuesta sacar unas escrituras de un terreno,0,3,0%,6.67
calculadora escritura,0,3,0%,7
escrituras de casa precio,0,3,0%,7
cuánto cuesta sacar las escrituras de una casa,0,3,0%,7.67
cuánto cuesta una escritura de un terreno,0,3,0%,7.67
cuanto cuesta un contrato de compra venta,0,3,0%,8.67
valor notarial,0,3,0%,9
que cuesta un poder notarial,0,3,0%,9.33
costo de un contrato de compraventa,0,3,0%,9.67
cuanto cuesta un contrato de compra venta notariado,0,3,0%,9.67
notaria tramites online,0,3,0%,9.67
calculadora tributaria municipio de quito transferencia de dominio,0,3,0%,10
costo de un poder notarial,0,3,0%,10
cuanto cuesta cambiar de nombre las escrituras de una casa en ecuador,0,3,0%,10.33
cuánto cuesta hacer un poder,0,3,0%,10.33
valor de promesa de compraventa,0,3,0%,10.33
abogado de notaria,0,3,0%,10.67
cuanto vale una compraventa en notaria,0,3,0%,10.67
cuanto cuesta notarizar un documento ecuador,0,3,0%,11
cuanto cuesta un poder notarial,0,3,0%,11
precio de poder notarial,0,3,0%,11
cuanto cuesta una declaracion juramentada,0,3,0%,11.33
tabla para calcular plusvalía ecuador 2025,0,3,0%,11.33
consulta legal online ecuador,0,3,0%,11.67
valor protocolizacion notarial,0,3,0%,11.67
tarifas notariales ecuador 2025,0,3,0%,15.67
cuanto cuesta la notaria,0,3,0%,16.33
precio declaración juramentada,0,3,0%,17
cuánto cuesta un poder notarial en ecuador,0,3,0%,18.33
precio de una declaración juramentada en ecuador,0,3,0%,33
abogado en ecuador,0,3,0%,52.33
calculadora plusvalía quito,0,2,0%,1
calculo notarial,0,2,0%,1
costo escritura casa,0,2,0%,1
escritura publica cuanto cuesta,0,2,0%,1
simulador gastos notariales,0,2,0%,1.5
como sacar escrituras de un terreno,0,2,0%,3
cuanto puede costar una escritura de una casa,0,2,0%,3
cuanto se paga de escrituras por una casa,0,2,0%,3
valor de una escritura en notaria,0,2,0%,3.5
cuanto vale hacer las escrituras de una casa,0,2,0%,4
costo escrituras casa,0,2,0%,4.5
cuánto vale una escritura de un terreno,0,2,0%,4.5
valor de escritura de una casa,0,2,0%,4.5
costo de las escrituras de una casa,0,2,0%,5
cuanto vale sacar una escritura publica,0,2,0%,5
valor de la escritura de una casa,0,2,0%,5
valor de una escritura de una casa,0,2,0%,5
calculadora escrituras,0,2,0%,5.5
cuanto se paga por registrar una escritura,0,2,0%,5.5
cuanto vale una escritura,0,2,0%,5.5
valor de una escritura,0,2,0%,5.5
abogado en línea,0,2,0%,6
calculadora gastos notariales,0,2,0%,6
calculo de escritura,0,2,0%,6
cuanto cuesta un contrato de compraventa de terreno,0,2,0%,6
cuanto es el valor de la escritura de una propiedad,0,2,0%,6
cuánto vale registrar una escritura,0,2,0%,6
gastos notaria compraventa,0,2,0%,6
pago de escrituras 2025,0,2,0%,6
precio de escritura,0,2,0%,6
precio de escritura de terreno,0,2,0%,6
valor de escrituras de una casa,0,2,0%,6
abogado notarial,0,2,0%,6.5
cuanto cuesta sacar escrituras de una casa,0,2,0%,6.5
cuanto se paga en notaria por una compraventa,0,2,0%,6.5
cuanto se paga en notaria por venta de inmueble,0,2,0%,6.5
cuanto valen las escrituras de un terreno,0,2,0%,6.5
cuánto cuesta hacer una escritura de una casa,0,2,0%,6.5
precio de una escritura,0,2,0%,6.5
que precio tiene una escritura de una casa,0,2,0%,6.5
costo de una escritura de un terreno,0,2,0%,7
cuanto cuesta elevar una minuta a escritura pública,0,2,0%,7
cuanto cuesta sacar unas escrituras de una casa,0,2,0%,7
cuanto vale sacar las escrituras de una casa,0,2,0%,7
cuánto cuesta sacar unas escrituras,0,2,0%,7
cuánto vale una escritura,0,2,0%,7
precio escritura publica,0,2,0%,7
simulador escrituras,0,2,0%,7
cuanto cobra un notario por una escritura,0,2,0%,7.5
cuanto cobran los notarios por escriturar,0,2,0%,7.5
cuánto cobra una notaría por hacer una escritura,0,2,0%,7.5
precio de escrituras de una casa 2025,0,2,0%,7.5
calculo escritura,0,2,0%,8
cuanto cuesta firmar un documento ante notario,0,2,0%,8
cuanto cuesta un contrato de compraventa de una casa,0,2,0%,8
escritura de casa online,0,2,0%,8
precio de escrituras de un terreno,0,2,0%,8
cuanto cobra un notario por un poder notarial,0,2,0%,8.5
cuánto cuesta sacar una escritura,0,2,0%,8.5
precios de escrituras en notarias,0,2,0%,8.5
precios notaria,0,2,0%,8.5
costo de minuta,0,2,0%,9
cuanto cobra un notario,0,2,0%,9
cuanto cuesta sacar un poder notarial,0,2,0%,9
cuánto cuesta un contrato de compraventa,0,2,0%,9
qué precio tiene un poder notarial,0,2,0%,9
copia de escritura publica valor,0,2,0%,9.5
cuanto cobra un notario por un contrato de compraventa,0,2,0%,9.5
cuanto cobra un notario por una firma,0,2,0%,9.5
cuanto cobra una notaria por una compraventa,0,2,0%,9.5
cuánto cobra un notario,0,2,0%,9.5
cuánto cuesta una copia certificada de una escritura,0,2,0%,9.5
poder notarial precio,0,2,0%,9.5
consultar abogado online,0,2,0%,10
costo poder notarial,0,2,0%,10
cuanto cuesta anular una escritura,0,2,0%,10
que precio tiene una declaración juramentada,0,2,0%,10
servicios legales online,0,2,0%,10
valor de poder,0,2,0%,10
valor notaria traspaso vehiculo,0,2,0%,10
costos notariales 2025,0,2,0%,10.5
cuanto cuesta notarizar un documento en quito,0,2,0%,10.5
cuanto cuesta una promesa de compraventa,0,2,0%,10.5
cuanto cuesta notariar un documento,0,2,0%,11
cuánto cuesta un poder notariado,0,2,0%,11
valor promesa compraventa notaria,0,2,0%,11
contrato de arrendamiento notarial precio,0,2,0%,12
cual es el costo de un poder notarial,0,2,0%,12
notarizar un documento precio ecuador,0,2,0%,12
poder notarial precio ecuador,0,2,0%,12.5
cuanto cuesta una declaración juramentada,0,2,0%,14.5
costos y plazos compra de gananciales ecuador,0,2,0%,16.5
calculadora de plusvalía ecuador,0,2,0%,51.5
costo de posesión efectiva ecuador,0,2,0%,52
notario ecuador,0,2,0%,65.5
abogados consultas online,0,1,0%,1
abogados ecuador,0,1,0%,1
abogados en línea gratis ecuador,0,1,0%,1
como se calcula el costo de una escritura,0,1,0%,1
costo de escritura de un terreno,0,1,0%,1
costo de escritura publica en notaria,0,1,0%,1
cuanto cuesta hacer un contrato de compraventa,0,1,0%,1
en ecuador,0,1,0%,1
escritura pública valor,0,1,0%,1
escritura valor,0,1,0%,1
escrituras costo,0,1,0%,1
escrituras precio,0,1,0%,1
gastos notariales calculadora,0,1,0%,1
otros gastos,0,1,0%,1
precio de escrituras de casa,0,1,0%,1
qué cuesta una,0,1,0%,1
si por favor,0,1,0%,1
simulador de gastos notariales,0,1,0%,1
tipos de escrituras en ecuador,0,1,0%,1
valor de escrituras 2025,0,1,0%,1
155.000,0,1,0%,2
calcular escritura,0,1,0%,2
calculo de venta de inmueble,0,1,0%,2
cuanto son los gastos notariales,0,1,0%,2
páginas de abogados,0,1,0%,2
que cuesta hacer una escritura de una casa,0,1,0%,2
simulador,0,1,0%,2
costo escrituras,0,1,0%,3
cuanto cuesta desmembrar un terreno ecuador,0,1,0%,3
cuanto cuesta escriturar un terreno 2025,0,1,0%,3
cuanto sale la escritura de una casa,0,1,0%,3
cuánto cuesta una escritura por donación en ecuador,0,1,0%,3
cuánto cuesta unas escrituras,0,1,0%,3
ecuador guayaquil,0,1,0%,3
requisitos para comprar un terreno en ecuador,0,1,0%,3
simulador de escritura,0,1,0%,3
simulador gastos de escrituracion,0,1,0%,3
alcabala,0,1,0%,4
calculadora compra vivienda,0,1,0%,4
calculadora impuestos compra vivienda,0,1,0%,4
calcular valor de escrituras,0,1,0%,4
costo para escriturar una propiedad,0,1,0%,4
cuanto cobra un abogado por hacer una promesa de compraventa,0,1,0%,4
cuanto cuesta un cambio de escrituras,0,1,0%,4
cuánto vale la escritura de una casa,0,1,0%,4
gastos notariales compra de casa,0,1,0%,4
gastos notariales de venta y compra del inmueble en 2025,0,1,0%,4
impuesto escritura compraventa,0,1,0%,4
que vale una escritura de una casa,0,1,0%,4
que valor se toma para escriturar,0,1,0%,4
valor actual de la propiedad,0,1,0%,4
valor de escritura,0,1,0%,4
calculo de honorarios registro de la propiedad,0,1,0%,5
calculo escrituras,0,1,0%,5
costo de escrituración de un terreno,0,1,0%,5
costo de la escritura de una casa,0,1,0%,5
costos de escrituración,0,1,0%,5
cuanto cobra notario por escriturar,0,1,0%,5
cuanto cobra un abogado por una escritura de compraventa,0,1,0%,5
cuanto cobra un escribano para hacer un poder,0,1,0%,5
cuanto cuesta el tramite de escrituras,0,1,0%,5
cuanto cuesta hacer escrituras,0,1,0%,5
cuanto cuesta una copia de una escritura,0,1,0%,5
cuanto cuesta una escritura de una casa,0,1,0%,5
cuanto cuesta una escritura publica,0,1,0%,5
cuanto cuesta una escritura publica ante notario,0,1,0%,5
cuanto cuesta unas escrituras de una casa,0,1,0%,5
cuanto es el valor de una escritura de una casa,0,1,0%,5
cuanto vale una copia de una escritura,0,1,0%,5
cuánto cobra un notario por escriturar una casa,0,1,0%,5
cuánto cuesta,0,1,0%,5
cuánto cuesta hacer una escritura de un terreno,0,1,0%,5
cuánto cuesta sacar escrituras de una casa,0,1,0%,5
cuánto vale una escritura de una casa,0,1,0%,5
cuánto valen las escrituras de una casa,0,1,0%,5
en cuanto salen las escrituras de una casa,0,1,0%,5
precio para sacar escrituras de una casa,0,1,0%,5
presupuesto detallado,0,1,0%,5
que porcentaje se paga en registro por una escritura,0,1,0%,5
qué valor,0,1,0%,5
valor de escritura de un terreno,0,1,0%,5
valor de una promesa de compraventa,0,1,0%,5
valor escritura de una casa,0,1,0%,5
valor por escrito,0,1,0%,5
calcular precio registro propiedad,0,1,0%,6
costo escritura publica,0,1,0%,6
costo notaria compraventa vehiculo,0,1,0%,6
cuanto cobran las escrituras de una casa,0,1,0%,6
cuanto cuesta sacar copias de escrituras,0,1,0%,6
cuanto cuesta sacar unas escrituras,0,1,0%,6
cuanto es el valor del registro de una escritura,0,1,0%,6
cuanto salen las escrituras de una casa,0,1,0%,6
cuanto vale hacer una escritura,0,1,0%,6
cuanto vale hacer unas escrituras,0,1,0%,6
cuanto vale un notario para escriturar,0,1,0%,6
cuanto vale un poder en notaria,0,1,0%,6
cuánto cuesta hacer las escrituras de una casa,0,1,0%,6
cuánto cuesta unas escrituras de una casa,0,1,0%,6
cuánto cuestan las escrituras,0,1,0%,6
escritura de casa precio,0,1,0%,6
gasto notarial,0,1,0%,6
gastos de notaria,0,1,0%,6
gastos notariales compra vivienda,0,1,0%,6
gastos notaría compraventa,0,1,0%,6
honorarios notario compraventa,0,1,0%,6
precio de escrituras de un terreno 2025,0,1,0%,6
precio de escrituras de una casa,0,1,0%,6
precio de las escrituras,0,1,0%,6
precio escrituras notario,0,1,0%,6
precios de escrituras,0,1,0%,6
que costo tiene una escritura publica,0,1,0%,6
valor contrato compraventa vehículo en notaria ecuador,0,1,0%,6
valor copia escritura publica,0,1,0%,6
valor de las escrituras,0,1,0%,6
valor de una escritura publica,0,1,0%,6
valor del registro de una escritura,0,1,0%,6
calculadora consejo,0,1,0%,7
calculadora de registro,0,1,0%,7
calculadora registro,0,1,0%,7
calcular registro de la propiedad,0,1,0%,7
calculo de transferencia de inmueble,0,1,0%,7
costo de escritura publica,0,1,0%,7
costo de una escritura publica,0,1,0%,7
cuanto cobra un notario por compra venta de terreno,0,1,0%,7
cuanto cobra una notaria por escriturar una casa,0,1,0%,7
cuanto cobran por sacar las escrituras de una casa,0,1,0%,7
cuanto cuesta el cambio de escrituras de un terreno,0,1,0%,7
cuanto cuesta el cambio de escrituras de una casa,0,1,0%,7
cuanto cuesta escrituras de una casa,0,1,0%,7
cuanto cuesta hacer escrituras de un terreno,0,1,0%,7
cuanto cuesta hacer escrituras de una casa,0,1,0%,7
cuanto cuesta hacer una escritura de herencia,0,1,0%,7
cuanto cuesta hacer una escritura de una casa,0,1,0%,7
cuanto cuesta sacar una escritura de una casa,0,1,0%,7
cuanto cuesta un papel de compraventa,0,1,0%,7
cuanto cuesta un traspaso de terreno,0,1,0%,7
cuanto se cobra por una escritura de compraventa,0,1,0%,7
cuanto se paga en notaria por una escritura,0,1,0%,7
cuanto son los gastos notariales de una escritura,0,1,0%,7
cuanto vale la escritura de un terreno,0,1,0%,7
cuanto vale sacar una escritura de una casa,0,1,0%,7
cuanto vale sacar unas escrituras,0,1,0%,7
cuánto cuesta una escritura pública,0,1,0%,7
cuánto cuestan unas escrituras,0,1,0%,7
escrituras de terreno precio,0,1,0%,7
pago de escrituras,0,1,0%,7
que precio tiene las escrituras de una casa,0,1,0%,7
que vale una escritura publica,0,1,0%,7
tabla de impuestos por venta de inmuebles ecuador,0,1,0%,7
abogada notarial,0,1,0%,8
abogado de escrituras,0,1,0%,8
costo de escrituras certificadas,0,1,0%,8
cuanto cobra un notario por escriturar un terreno,0,1,0%,8
cuanto cuesta poner las escrituras a mi nombre,0,1,0%,8
cuanto cuesta una promesa de compraventa en notaria ecuador,0,1,0%,8
cuanto se cobra por un contrato de compraventa,0,1,0%,8
cuanto vale un papel de compraventa,0,1,0%,8
cuánto cuesta hacer una escritura pública,0,1,0%,8
escrituras compra venta,0,1,0%,8
escrituras de un terreno precio,0,1,0%,8
gastos del registro de la propiedad,0,1,0%,8
gastos notaria,0,1,0%,8
online ecuador,0,1,0%,8
precio compraventa notaria,0,1,0%,8
precio copia de escritura de propiedad,0,1,0%,8
precio de cambio de escrituras,0,1,0%,8
precio de unas escrituras de una casa,0,1,0%,8
que cuesta una escritura publica,0,1,0%,8
que precio tiene una escritura publica,0,1,0%,8
valor de escritura pública en notaría,0,1,0%,8
valor escritura,0,1,0%,8
valores de escritura,0,1,0%,8
abogado para escrituras,0,1,0%,9
abogados notariales,0,1,0%,9
calculadora aranceles notariales,0,1,0%,9
calculadoranotarial,0,1,0%,9
como se calcula el valor de la escritura de un inmueble,0,1,0%,9
costo de copia de escritura publica,0,1,0%,9
costo de inscripcion de escritura publica,0,1,0%,9
costo de registro de escritura en instrumentos publicos 2025,0,1,0%,9
costo notarial compra vivienda,0,1,0%,9
costo para escriturar un terreno,0,1,0%,9
cuanto cobra el notario por una compraventa,0,1,0%,9
cuanto cobra un abogado por una compra venta,0,1,0%,9
cuanto cuesta una copia notariada,0,1,0%,9
cuánto vale un poder notarial,0,1,0%,9
gastos notariales por venta de inmueble 2025,0,1,0%,9
poder notarial costo,0,1,0%,9
posesión efectiva notaría costo,0,1,0%,9
precio de titulo de propiedad,0,1,0%,9
valor de copia de escritura publica,0,1,0%,9
valor de registro de escritura publica 2025,0,1,0%,9
valor gastos notariales escritura,0,1,0%,9
valores notariales,0,1,0%,9
abogado ecuador,0,1,0%,10
costo copia de escritura,0,1,0%,10
cuanto cobra un abogado por hacer una posesión efectiva,0,1,0%,10
cuanto cobra un notario publico,0,1,0%,10
cuanto cobran las notarias por escrituras,0,1,0%,10
cuanto cuesta un contrato de compraventa,0,1,0%,10
cuanto cuesta una firma notarial,0,1,0%,10
cuanto vale un testimonio,0,1,0%,10
derechos notariales por venta de inmueble,0,1,0%,10
escrituras notariales,0,1,0%,10
gastos registrales,0,1,0%,10
honorarios notariales,0,1,0%,10
que porcentaje cobra una notaria por escriturar,0,1,0%,10
traspaso de escrituras valor,0,1,0%,10
valor escrituras,0,1,0%,10
valor escrituras 2025,0,1,0%,10
valores notariales ecuador,0,1,0%,10
calculadoras en línea,0,1,0%,11
consulta notarial gratuita,0,1,0%,11
copia notariada precio,0,1,0%,11
costo de declaracion jurada en notaria,0,1,0%,11
costo divorcio notarial ecuador 2025,0,1,0%,11
cuanto cuesta la firma de un notario,0,1,0%,11
cuanto cuesta una copia de escritura en notaria,0,1,0%,11
cuanto cuesta una escritura publica en una notaria,0,1,0%,11
de abogados,0,1,0%,11
escrituras terreno,0,1,0%,11
gastos de registro,0,1,0%,11
notaria online,0,1,0%,11
notario precios,0,1,0%,11
precio escrituras 2025,0,1,0%,11
tramites notariales,0,1,0%,11
valor notarial promesa de compraventa,0,1,0%,11
abogados en ecuador,0,1,0%,12
catastrar escrituras,0,1,0%,12
clave catastral,0,1,0%,12
consultar escrituras por cédula,0,1,0%,12
costos de notariado y registro 2025,0,1,0%,12
cuanto cobra una notaria,0,1,0%,12
cuanto cuesta el poder notarial,0,1,0%,12
cuanto cuesta notarizar un documento en ecuador,0,1,0%,12
cuanto cuesta un documento notariado,0,1,0%,12
cuanto vale un documento notariado,0,1,0%,12
cuánto cuesta notariar un documento,0,1,0%,12
declaracion juramentada notaria costo,0,1,0%,12
escritura notaria,0,1,0%,12
hacer un poder notarial precio,0,1,0%,12
notaria citas online,0,1,0%,12
notaria cuanto cobran,0,1,0%,12
notariar un documento precio,0,1,0%,12
precio de declaracion juramentada,0,1,0%,12
precio notaria,0,1,0%,12
precio poder notarial,0,1,0%,12
precios notarios,0,1,0%,12
serviu,0,1,0%,12
valor gastos notariales 2025,0,1,0%,12
cuanto cuesta notariar un poder en ecuador,0,1,0%,13
precio del documento,0,1,0%,14
costo de un poder notarial en ecuador,0,1,0%,16
tasas notariales 2025 ecuador,0,1,0%,16
valor de declaracion jurada en notaria,0,1,0%,17
calculadora de plusvalía quito,0,1,0%,18
tabla de costos notariales 2025 ecuador,0,1,0%,18
tabla notarial 2025 ecuador,0,1,0%,18
cuanto cuesta una escritura aclaratoria,0,1,0%,20
valor del poder notarial,0,1,0%,20
valores notariales 2025 ecuador,0,1,0%,21
tabla notarial 2025,0,1,0%,45
calcule la minuta de notario y registrador,0,1,0%,62