Páginas principales,Clics,Impresiones,CTR,Posición
https://www.abogadosonlineecuador.com/calculadoras,635,26112,2.43%,7.67
https://www.abogadosonlineecuador.com/,27,713,3.79%,7.52
https://www.abogadosonlineecuador.com/contacto,0,111,0%,5.67
https://www.abogadosonlineecuador.com/documentos-ai,0,16,0%,5.81
https://www.abogadosonlineecuador.com/servicios,0,13,0%,4
https://www.abogadosonlineecuador.com/documentos/transferencia,0,11,0%,21.36
https://www.abogadosonlineecuador.com/documentos,0,9,0%,5.44
https://www.abogadosonlineecuador.com/servicios/promesa,0,8,0%,8.25
https://www.abogadosonlineecuador.com/servicios/poderes,0,6,0%,8
https://www.abogadosonlineecuador.com/servicios/transferencia,0,6,0%,10
https://www.abogadosonlineecuador.com/servicios/declaraciones,0,4,0%,8.5
https://www.abogadosonlineecuador.com/documentos/promesa,0,3,0%,10
https://www.abogadosonlineecuador.com/calculadoras/,0,2,0%,1
https://www.abogadosonlineecuador.com/documentos/contratos,0,1,0%,12
https://www.abogadosonlineecuador.com/documentos/viaje,0,1,0%,14
https://www.abogadosonlineecuador.com/servicios/viaje,0,1,0%,15
https://www.abogadosonlineecuador.com/documentos/poderes,0,1,0%,16
https://www.abogadosonlineecuador.com/documentos/declaraciones,0,1,0%,17
https://www.abogadosonlineecuador.com/servicios/contratos,0,1,0%,18